bitlen,n,win_TD,win_RHO,win_FERMAT,win_PM1_256,win_PM1_1024,regret_STATIC,regret_DIAL_RULE,regret_DIAL_ML
32,67,0.0,0.5223880597014925,0.04477611940298507,0.40298507462686567,0.029850746268656716,2.2716345791304033,2.2716345791304033,5.161432050994402
33,67,0.014925373134328358,0.5970149253731343,0.04477611940298507,0.34328358208955223,0.0,5.818776274898038,5.818776274898038,5.798559306457217
34,67,0.0,0.6865671641791045,0.04477611940298507,0.26865671641791045,0.0,3.5711317158520703,3.5711317158520703,3.8686489421934422
35,67,0.0,0.6417910447761194,0.014925373134328358,0.29850746268656714,0.04477611940298507,1.8896120036980275,1.8896120036980275,3.2358809415824794
36,67,0.0,0.5671641791044776,0.014925373134328358,0.40298507462686567,0.014925373134328358,4.971875402679775,4.971875402679775,6.381657058864153
37,67,0.0,0.5671641791044776,0.029850746268656716,0.34328358208955223,0.05970149253731343,2.1882561692723805,2.1882561692723805,1.6745715778860686
38,66,0.0,0.5909090909090909,0.0,0.3181818181818182,0.09090909090909091,2.8032541529015784,8.47797892874995,3.117096600053146
39,66,0.0,0.5757575757575758,0.015151515151515152,0.3181818181818182,0.09090909090909091,2.6614303513890785,2.6614303513890785,2.6614303513890785
40,66,0.0,0.4696969696969697,0.045454545454545456,0.4090909090909091,0.07575757575757576,6.83604782987054,6.83604782987054,6.83604782987054
